{"image_settings":{"width":512,"height":512,"path":"example7.png"},"evaluation_settings":{"num_iterations":10000,"num_points":1000},"transforms":[{"LinearTransform":{"a":0.07927406,"b":0.4419875,"c":-0.64647937,"d":0.19174504,"base_color":{"r":0.13267994,"g":0.49911928,"b":0.9295654},"weight":0.93828845}},{"InverseJuliaTransform":{"r":1.1700816,"theta":2.9560707,"base_color":{"r":0.9284186,"g":0.4638964,"b":0.20791459},"weight":0.95615274,"c":[-1.1500032,0.21583278]}},{"InverseJuliaTransform":{"r":1.0998807,"theta":1.9877317,"base_color":{"r":0.41831225,"g":0.5540522,"b":0.46177816},"weight":1.0506994,"c":[-0.445408,1.0056586]}}]}
